interaction,nodes,loss,accuracy,precision,recall,specificity,f1score,TP,TN,FP,FN
0,2,1.0957,0.6667,0.0000,-nan,0.6667,-nan,0,60,30,0
1,2,1.0754,0.6667,0.0000,-nan,0.6667,-nan,0,60,30,0
2,2,1.0460,0.6667,0.0000,-nan,0.6667,-nan,0,60,30,0
3,2,1.0030,0.6667,0.0000,-nan,0.6667,-nan,0,60,30,0
4,2,0.9425,0.6667,0.0000,-nan,0.6667,-nan,0,60,30,0
5,2,0.8669,0.6778,0.0333,1.0000,0.6742,0.0645,1,60,29,0
6,2,0.8276,0.7333,0.2000,1.0000,0.7143,0.3333,6,60,24,0
7,2,0.7522,0.8667,0.6000,1.0000,0.8333,0.7500,18,60,12,0
8,2,0.6898,0.9333,0.8333,0.9615,0.9219,0.8929,25,59,5,1
9,2,0.6396,0.9778,0.9667,0.9667,0.9833,0.9667,29,59,1,1
10,2,0.5978,0.9778,0.9667,0.9667,0.9833,0.9667,29,59,1,1
11,2,0.5615,0.9778,0.9667,0.9667,0.9833,0.9667,29,59,1,1
0,1,1.2058,0.6556,0.0000,0.0000,0.6629,-nan,0,59,30,1
1,1,1.2116,0.5889,0.1000,0.2308,0.6494,0.1395,3,50,27,10
2,1,1.2297,0.6889,0.4000,0.5455,0.7353,0.4615,12,50,18,10
0,1,1.0454,0.6667,0.0000,-nan,0.6667,-nan,0,60,30,0
1,1,0.8711,0.8333,0.5000,1.0000,0.8000,0.6667,15,60,15,0
2,1,0.6893,0.8333,0.5667,0.8947,0.8169,0.6939,17,58,13,2
3,1,0.5899,0.8778,0.7000,0.9130,0.8657,0.7925,21,58,9,2
4,1,0.5170,0.9778,0.9667,0.9667,0.9833,0.9667,29,59,1,1
5,1,0.4533,0.9778,0.9667,0.9667,0.9833,0.9667,29,59,1,1
6,1,0.3994,0.9889,0.9667,1.0000,0.9836,0.9831,29,60,1,0
7,1,0.3586,1.0000,1.0000,1.0000,1.0000,1.0000,30,60,0,0
8,1,0.3296,1.0000,1.0000,1.0000,1.0000,1.0000,30,60,0,0
9,1,0.3085,1.0000,1.0000,1.0000,1.0000,1.0000,30,60,0,0
10,1,0.2930,1.0000,1.0000,1.0000,1.0000,1.0000,30,60,0,0
11,1,0.2814,1.0000,1.0000,1.0000,1.0000,1.0000,30,60,0,0
0,2,1.3724,0.7222,0.2333,0.7778,0.7160,0.3590,7,58,23,2
1,2,1.3707,0.7111,0.2333,0.7000,0.7125,0.3500,7,57,23,3
2,2,1.3309,0.7333,0.2333,0.8750,0.7195,0.3684,7,59,23,1
3,2,1.2692,0.7444,0.2333,1.0000,0.7229,0.3784,7,60,23,0
4,2,1.1806,0.6444,0.2333,0.4375,0.6892,0.3043,7,51,23,9
5,2,1.0709,0.6889,0.4000,0.5455,0.7353,0.4615,12,50,18,10
6,2,0.9628,0.7444,0.5667,0.6296,0.7937,0.5965,17,50,13,10
7,2,0.8776,0.7778,0.6667,0.6667,0.8333,0.6667,20,50,10,10
8,2,1.1518,0.7778,0.6667,0.6667,0.8333,0.6667,20,50,10,10
9,2,0.9607,0.7111,0.5667,0.5667,0.7833,0.5667,17,47,13,13
10,2,0.7228,0.7778,0.6667,0.6667,0.8333,0.6667,20,50,10,10
11,2,1.0254,0.7778,0.6667,0.6667,0.8333,0.6667,20,50,10,10
0,2,1.8955,0.4444,0.1000,0.1154,0.5781,0.1071,3,37,27,23
1,2,1.6289,0.6333,0.0000,0.0000,0.6552,-nan,0,57,30,3
2,2,1.5799,0.7444,0.2333,1.0000,0.7229,0.3784,7,60,23,0
3,2,1.0917,0.6889,0.0667,1.0000,0.6818,0.1250,2,60,28,0
4,2,3.1024,0.5556,0.3333,0.3333,0.6667,0.3333,10,40,20,20
5,2,1.3883,0.7778,0.6667,0.6667,0.8333,0.6667,20,50,10,10
6,2,1.0409,0.7778,0.6667,0.6667,0.8333,0.6667,20,50,10,10
7,2,0.6750,0.8111,0.7000,0.7241,0.8525,0.7119,21,52,9,8
8,2,2.1516,0.7778,0.6667,0.6667,0.8333,0.6667,20,50,10,10
9,2,0.8523,0.7778,0.6667,0.6667,0.8333,0.6667,20,50,10,10
10,2,0.5726,0.9778,0.9667,0.9667,0.9833,0.9667,29,59,1,1
11,2,1.9609,0.7778,0.6667,0.6667,0.8333,0.6667,20,50,10,10
12,2,0.5511,0.9333,0.9000,0.9000,0.9500,0.9000,27,57,3,3
13,2,1.9465,0.7778,0.6667,0.6667,0.8333,0.6667,20,50,10,10
14,2,1.1540,0.7778,0.6667,0.6667,0.8333,0.6667,20,50,10,10
15,2,0.8003,0.7111,0.5667,0.5667,0.7833,0.5667,17,47,13,13
16,2,0.5884,0.7778,0.6667,0.6667,0.8333,0.6667,20,50,10,10
17,2,0.5668,0.7778,0.6667,0.6667,0.8333,0.6667,20,50,10,10
18,2,0.5429,0.8000,0.7000,0.7000,0.8500,0.7000,21,51,9,9
19,2,0.5187,0.8222,0.7333,0.7333,0.8667,0.7333,22,52,8,8
20,2,0.7803,0.7778,0.6667,0.6667,0.8333,0.6667,20,50,10,10
21,2,0.6184,0.7889,0.6667,0.6897,0.8361,0.6780,20,51,10,9
22,2,0.4247,0.9333,0.9000,0.9000,0.9500,0.9000,27,57,3,3
23,2,0.4163,0.9333,0.9000,0.9000,0.9500,0.9000,27,57,3,3
24,2,0.4050,0.9333,0.9000,0.9000,0.9500,0.9000,27,57,3,3
25,2,0.3941,0.9778,0.9667,0.9667,0.9833,0.9667,29,59,1,1
26,2,0.3830,0.9778,0.9667,0.9667,0.9833,0.9667,29,59,1,1
27,2,0.3733,0.9778,0.9667,0.9667,0.9833,0.9667,29,59,1,1
28,2,0.3642,0.9778,0.9667,0.9667,0.9833,0.9667,29,59,1,1
29,2,0.3562,0.9778,0.9667,0.9667,0.9833,0.9667,29,59,1,1
30,2,0.5296,0.8222,0.7333,0.7333,0.8667,0.7333,22,52,8,8
31,2,0.4626,0.9333,0.9000,0.9000,0.9500,0.9000,27,57,3,3
